<?xml version="1.0" encoding="UTF-8" standalone="yes"?>
<addon id="plugin.video.BeshlaWizz" name="BeshlaWizz" version="11" provider-name="BeshlaWizz">
  <requires>
    <import addon="xbmc.python" version="2.1.0"/>
  </requires>
  <extension point="xbmc.python.pluginsource" library="default.py">
        <provides>video executable</provides>
  </extension>
  <extension point="xbmc.addon.metadata">
  <summary lang="en">[COLOR lime]BeshlawizzTV je addon, postoji i build[/COLOR]</summary>
   <description lang="en">Kompletan build nalazi se na :
[COLOR lime]http://beshlawizz.net23.net/beshlawizz[/COLOR]
            Beshlawizz nije vlasnik servera 
		          gdje se nalaze piratski sadržaji</description> 
    <disclaimer lang="en">Valjda sam i pivo zasluzio:)</disclaimer>
    <language>en</language>
    <platform>all</platform>
    <website>http://beshlawizz.net23.net</website>
    <email>beshlawizz@mail.com</email>
  </extension>
</addon>
